sku,marca,produto,sabor,link_publico
1197,dux,Wpc Dux 900g,Chocolate,https://raw.githubusercontent.com/johnnydemarch/grape5-pack-shots/master/imagens/1197.jpg
1625,dux,Fresh Whey Dux 450g,Frutas Vermelhas,https://raw.githubusercontent.com/johnnydemarch/grape5-pack-shots/master/imagens/1625.jpg
1630,dux,Fresh Whey Dux 31g Sachê,Frutas Vermelhas,https://raw.githubusercontent.com/johnnydemarch/grape5-pack-shots/master/imagens/1630.jpg
1633,dux,Wpi Dux 30g Sachê,Chocolate,https://raw.githubusercontent.com/johnnydemarch/grape5-pack-shots/master/imagens/1633.jpg
1634,dux,Wpi Dux 30g Sachê,Doce De Leite,https://raw.githubusercontent.com/johnnydemarch/grape5-pack-shots/master/imagens/1634.jpg
1767,dux,Wpc Romeu E Julieta Dux 900g,Único,https://raw.githubusercontent.com/johnnydemarch/grape5-pack-shots/master/imagens/1767.jpg
1768,dux,Wpc Churros Dux 900g,Único,https://raw.githubusercontent.com/johnnydemarch/grape5-pack-shots/master/imagens/1768.jpg
1769,dux,Wpc Briga De Dux 900g,Pistache,https://raw.githubusercontent.com/johnnydemarch/grape5-pack-shots/master/imagens/1769.jpg
1844,dux,Wpc Torta De Limao Dux 30g Sachê,Único,https://raw.githubusercontent.com/johnnydemarch/grape5-pack-shots/master/imagens/1844.jpg
1845,dux,Wpc Butter Dux 30g Sachê,Cookies,https://raw.githubusercontent.com/johnnydemarch/grape5-pack-shots/master/imagens/1845.jpg
1846,dux,Wpc Dux 30g Sachê,Morango,https://raw.githubusercontent.com/johnnydemarch/grape5-pack-shots/master/imagens/1846.jpg
2102,dux,Whey Protein Concentrado Dux 1g Sachê,Chocolate Branco,https://raw.githubusercontent.com/johnnydemarch/grape5-pack-shots/master/imagens/2102.jpg
533,dux,Wpc Torta De Limao Dux 450g,Único,https://raw.githubusercontent.com/johnnydemarch/grape5-pack-shots/master/imagens/533.jpg
535,dux,Wpc Choco Branco Dux 450g,Único,https://raw.githubusercontent.com/johnnydemarch/grape5-pack-shots/master/imagens/535.jpg
539,dux,Fresh Whey Dux 450g,Chocolate Belga E Avela,https://raw.githubusercontent.com/johnnydemarch/grape5-pack-shots/master/imagens/539.jpg
540,dux,Fresh Whey E Choco Branco Dux 450g,Pistache,https://raw.githubusercontent.com/johnnydemarch/grape5-pack-shots/master/imagens/540.jpg
541,dux,Fresh Whey Dux 900g,Frutas Vermelhas,https://raw.githubusercontent.com/johnnydemarch/grape5-pack-shots/master/imagens/541.jpg
545,dux,Fresh Whey E Choco Branco Dux 900g,Pistache,https://raw.githubusercontent.com/johnnydemarch/grape5-pack-shots/master/imagens/545.jpg
546,dux,Fresh Whey Dux 900g,Chocolate Belga E Avela,https://raw.githubusercontent.com/johnnydemarch/grape5-pack-shots/master/imagens/546.jpg
554,dux,Wpc Caramelo Salgado Dux 900g,Único,https://raw.githubusercontent.com/johnnydemarch/grape5-pack-shots/master/imagens/554.jpg
556,dux,Wpc Choco Branco Dux 900g,Único,https://raw.githubusercontent.com/johnnydemarch/grape5-pack-shots/master/imagens/556.jpg
557,dux,Wpc Dux 900g,Cookies,https://raw.githubusercontent.com/johnnydemarch/grape5-pack-shots/master/imagens/557.jpg
560,dux,Wpc Dux 900g,Baunilha,https://raw.githubusercontent.com/johnnydemarch/grape5-pack-shots/master/imagens/560.jpg
562,dux,Wpc Torta De Limao Dux 900g,Único,https://raw.githubusercontent.com/johnnydemarch/grape5-pack-shots/master/imagens/562.jpg
565,dux,Wpc Dux 900g,Morango,https://raw.githubusercontent.com/johnnydemarch/grape5-pack-shots/master/imagens/565.jpg
566,dux,Wpc Dux 900g,Coco,https://raw.githubusercontent.com/johnnydemarch/grape5-pack-shots/master/imagens/566.jpg
568,dux,Wpc Dux 900g,Neutro,https://raw.githubusercontent.com/johnnydemarch/grape5-pack-shots/master/imagens/568.jpg
571,dux,Wpc Dux 900g,Doce De Leite,https://raw.githubusercontent.com/johnnydemarch/grape5-pack-shots/master/imagens/571.jpg
575,dux,Wpc Butter Dux 900g,Cookies,https://raw.githubusercontent.com/johnnydemarch/grape5-pack-shots/master/imagens/575.jpg
577,dux,Wpc Dux 900g,Cappuccino,https://raw.githubusercontent.com/johnnydemarch/grape5-pack-shots/master/imagens/577.jpg
582,dux,Wpi Choco Branco Dux 900g,Único,https://raw.githubusercontent.com/johnnydemarch/grape5-pack-shots/master/imagens/582.jpg
584,dux,Wpi Dux 900g,Chocolate,https://raw.githubusercontent.com/johnnydemarch/grape5-pack-shots/master/imagens/584.jpg
588,dux,Wpi Dux 900g,Baunilha,https://raw.githubusercontent.com/johnnydemarch/grape5-pack-shots/master/imagens/588.jpg
592,dux,Wpi Dux 900g,Cookies,https://raw.githubusercontent.com/johnnydemarch/grape5-pack-shots/master/imagens/592.jpg
595,dux,Wpc Dux 30g Sachê,Chocolate,https://raw.githubusercontent.com/johnnydemarch/grape5-pack-shots/master/imagens/595.jpg
597,dux,Wpc Dux 30g Sachê,Cookies,https://raw.githubusercontent.com/johnnydemarch/grape5-pack-shots/master/imagens/597.jpg
600,dux,Wpc Dux 27g Sachê,Neutro,https://raw.githubusercontent.com/johnnydemarch/grape5-pack-shots/master/imagens/600.jpg
603,dux,Wpc Dux 30g Sachê,Chocolate Branco,https://raw.githubusercontent.com/johnnydemarch/grape5-pack-shots/master/imagens/603.jpg
607,dux,Wpc Dux 30g Sachê,Baunilha,https://raw.githubusercontent.com/johnnydemarch/grape5-pack-shots/master/imagens/607.jpg
615,dux,Wpi Choco Branco Dux 30g Sachê,Único,https://raw.githubusercontent.com/johnnydemarch/grape5-pack-shots/master/imagens/615.jpg
617,dux,Wpi Dux 30g Sachê,Cookies,https://raw.githubusercontent.com/johnnydemarch/grape5-pack-shots/master/imagens/617.jpg
622,dux,Fresh Whey Choco Belga E Dux 31g Sachê,Avela,https://raw.githubusercontent.com/johnnydemarch/grape5-pack-shots/master/imagens/622.jpg
729,dux,Wpc Dux 30g Sachê,Coco,https://raw.githubusercontent.com/johnnydemarch/grape5-pack-shots/master/imagens/729.jpg
730,dux,Wpi Dux 29g Sachê,Baunilha,https://raw.githubusercontent.com/johnnydemarch/grape5-pack-shots/master/imagens/730.jpg
731,dux,Fresh Whey E Choco Branco Dux 30g Sachê,Pistache,https://raw.githubusercontent.com/johnnydemarch/grape5-pack-shots/master/imagens/731.jpg
100,elementopuro,Monodose Wheydop X Elementopuro 25g Sachê,Doce De Leite,https://raw.githubusercontent.com/johnnydemarch/grape5-pack-shots/master/imagens/100.jpg
101,elementopuro,Juicedop C/ Hibisco Elementopuro 450g,Morango,https://raw.githubusercontent.com/johnnydemarch/grape5-pack-shots/master/imagens/101.jpg
1529,elementopuro,Wheydop Iso Elementopuro 900g,Chocolate Belga,https://raw.githubusercontent.com/johnnydemarch/grape5-pack-shots/master/imagens/1529.jpg
1530,elementopuro,Wheydop Iso Mocha Elementopuro 900g,Cafe,https://raw.githubusercontent.com/johnnydemarch/grape5-pack-shots/master/imagens/1530.jpg
1531,elementopuro,Monodose Wheydop X Leite Em Po Elementopuro 25g Sachê,Único,https://raw.githubusercontent.com/johnnydemarch/grape5-pack-shots/master/imagens/1531.jpg
1532,elementopuro,Wheydop Iso Elementopuro 450g,Chocolate Belga,https://raw.githubusercontent.com/johnnydemarch/grape5-pack-shots/master/imagens/1532.jpg
1536,elementopuro,Monodose Wheydop Iso Elementopuro 26g Sachê,Chocolate Belga,https://raw.githubusercontent.com/johnnydemarch/grape5-pack-shots/master/imagens/1536.jpg
1537,elementopuro,Monodose Wheydop 3W Elementopuro 27g Sachê,Cappuccino,https://raw.githubusercontent.com/johnnydemarch/grape5-pack-shots/master/imagens/1537.jpg
1538,elementopuro,Wheydop 3W Suico Elementopuro 450g,Chocolate,https://raw.githubusercontent.com/johnnydemarch/grape5-pack-shots/master/imagens/1538.jpg
1539,elementopuro,Wheydop 3W Caramelizada Elementopuro 450g,Baunilha,https://raw.githubusercontent.com/johnnydemarch/grape5-pack-shots/master/imagens/1539.jpg
1540,elementopuro,Wheydop 3W Caramelizada Elementopuro 900g,Baunilha,https://raw.githubusercontent.com/johnnydemarch/grape5-pack-shots/master/imagens/1540.jpg
1541,elementopuro,Wheydop 3W Elementopuro 900g,Cappuccino,https://raw.githubusercontent.com/johnnydemarch/grape5-pack-shots/master/imagens/1541.jpg
75,elementopuro,Wheydop 3W Suico Elementopuro 900g,Chocolate,https://raw.githubusercontent.com/johnnydemarch/grape5-pack-shots/master/imagens/75.jpg
76,elementopuro,Wheydop 3W Elementopuro 900g,Cookies And Cream,https://raw.githubusercontent.com/johnnydemarch/grape5-pack-shots/master/imagens/76.jpg
78,elementopuro,Wheydop 3W C/ Leite Cond Elementopuro 900g,Morango,https://raw.githubusercontent.com/johnnydemarch/grape5-pack-shots/master/imagens/78.jpg
80,elementopuro,Juicedop Tangerina C/ Cha Branco Elementopuro 450g,Único,https://raw.githubusercontent.com/johnnydemarch/grape5-pack-shots/master/imagens/80.jpg
85,elementopuro,Monodose Wheydop X Maltado Elementopuro 25g Sachê,Chocolate,https://raw.githubusercontent.com/johnnydemarch/grape5-pack-shots/master/imagens/85.jpg
88,elementopuro,Monodose Juicedop Iso Tang C/ Cha Branco Elementopuro 12g Sachê,Único,https://raw.githubusercontent.com/johnnydemarch/grape5-pack-shots/master/imagens/88.jpg
1641,essential,Veggie Protein Essential 455g,Cacao,https://raw.githubusercontent.com/johnnydemarch/grape5-pack-shots/master/imagens/1641.jpg
1645,essential,Hi Whey Essential 375g,Único,https://raw.githubusercontent.com/johnnydemarch/grape5-pack-shots/master/imagens/1645.jpg
1659,essential,Veggie Protein Essential 35g Sachê,Cacao,https://raw.githubusercontent.com/johnnydemarch/grape5-pack-shots/master/imagens/1659.jpg
1660,essential,Whey Essential 27g Sachê,Cookies E Lime,https://raw.githubusercontent.com/johnnydemarch/grape5-pack-shots/master/imagens/1660.jpg
222,essential,Whey Essential 840g,Cacao,https://raw.githubusercontent.com/johnnydemarch/grape5-pack-shots/master/imagens/222.jpg
223,essential,Whey Essential 750g,Vanilla,https://raw.githubusercontent.com/johnnydemarch/grape5-pack-shots/master/imagens/223.jpg
225,essential,Whey Essential 375g,Vanilla,https://raw.githubusercontent.com/johnnydemarch/grape5-pack-shots/master/imagens/225.jpg
232,essential,Red Berry Whey Essential 450g,Único,https://raw.githubusercontent.com/johnnydemarch/grape5-pack-shots/master/imagens/232.jpg
233,essential,Whey Essential 420g,Cappuccino,https://raw.githubusercontent.com/johnnydemarch/grape5-pack-shots/master/imagens/233.jpg
235,essential,Whey Essential 420g,Cacao,https://raw.githubusercontent.com/johnnydemarch/grape5-pack-shots/master/imagens/235.jpg
236,essential,Whey Essential 405g,Cookies E Lime,https://raw.githubusercontent.com/johnnydemarch/grape5-pack-shots/master/imagens/236.jpg
238,essential,Beef Protein Essential 480g,Cacau,https://raw.githubusercontent.com/johnnydemarch/grape5-pack-shots/master/imagens/238.jpg
246,essential,Espresso Whey Essential 420g,Cafe,https://raw.githubusercontent.com/johnnydemarch/grape5-pack-shots/master/imagens/246.jpg
299,essential,Whey Essential 30g Sachê,Cappuccino,https://raw.githubusercontent.com/johnnydemarch/grape5-pack-shots/master/imagens/299.jpg
300,essential,Whey Essential 30g Sachê,Vanilla,https://raw.githubusercontent.com/johnnydemarch/grape5-pack-shots/master/imagens/300.jpg
302,essential,Espresso Whey Essential 30g Sachê,Cafe,https://raw.githubusercontent.com/johnnydemarch/grape5-pack-shots/master/imagens/302.jpg
304,essential,Red Berry Whey Essential 30g Sachê,Único,https://raw.githubusercontent.com/johnnydemarch/grape5-pack-shots/master/imagens/304.jpg
305,essential,Whey Essential 30g Sachê,Cacao,https://raw.githubusercontent.com/johnnydemarch/grape5-pack-shots/master/imagens/305.jpg
1448,max_titanium,100% Whey Dr Peanut Max Titanium 900g,Avela,https://raw.githubusercontent.com/johnnydemarch/grape5-pack-shots/master/imagens/1448.jpg
1449,max_titanium,100% Whey Dr Peanut Max Titanium 900g,Bombom Italiano,https://raw.githubusercontent.com/johnnydemarch/grape5-pack-shots/master/imagens/1449.jpg
1450,max_titanium,100% Whey Dr Peanut Max Titanium 900g,Doce De Leite,https://raw.githubusercontent.com/johnnydemarch/grape5-pack-shots/master/imagens/1450.jpg
1708,max_titanium,Iso Clear Whey Max Titanium 405g,Morango C/ Laranja,https://raw.githubusercontent.com/johnnydemarch/grape5-pack-shots/master/imagens/1708.jpg
1709,max_titanium,Iso Clear Whey Max Titanium 405g,Abacaxi C/ Coco,https://raw.githubusercontent.com/johnnydemarch/grape5-pack-shots/master/imagens/1709.jpg
1721,max_titanium,100% Whey Max Titanium 900g,Cookies,https://raw.githubusercontent.com/johnnydemarch/grape5-pack-shots/master/imagens/1721.jpg
1722,max_titanium,100% Whey Max Titanium 900g,Chocolate,https://raw.githubusercontent.com/johnnydemarch/grape5-pack-shots/master/imagens/1722.jpg
1723,max_titanium,100% Whey Max Titanium 900g,Baunilha,https://raw.githubusercontent.com/johnnydemarch/grape5-pack-shots/master/imagens/1723.jpg
1724,max_titanium,100% Whey Max Titanium 900g,Morango,https://raw.githubusercontent.com/johnnydemarch/grape5-pack-shots/master/imagens/1724.jpg
1725,max_titanium,100% Whey Pistache C Max Titanium 900g,Choc Branco,https://raw.githubusercontent.com/johnnydemarch/grape5-pack-shots/master/imagens/1725.jpg
1726,max_titanium,100% Whey Max Titanium 900g,Choc Maltado,https://raw.githubusercontent.com/johnnydemarch/grape5-pack-shots/master/imagens/1726.jpg
1821,max_titanium,Whey 100% Double Tasty Max Titanium 900g,Chocolate,https://raw.githubusercontent.com/johnnydemarch/grape5-pack-shots/master/imagens/1821.jpg
1822,max_titanium,Whey 100% Double Tasty Max Titanium 900g,Baunilha,https://raw.githubusercontent.com/johnnydemarch/grape5-pack-shots/master/imagens/1822.jpg
1823,max_titanium,Whey 100% Double Tasty Max Titanium 900g,Morango,https://raw.githubusercontent.com/johnnydemarch/grape5-pack-shots/master/imagens/1823.jpg
893,max_titanium,Top Whey 3W Max Titanium 900g,Chocolate,https://raw.githubusercontent.com/johnnydemarch/grape5-pack-shots/master/imagens/893.jpg
897,max_titanium,Top Whey 3W Max Titanium 900g,Morango,https://raw.githubusercontent.com/johnnydemarch/grape5-pack-shots/master/imagens/897.jpg
902,max_titanium,Top Whey 3W Max Titanium 900g,Baunilha,https://raw.githubusercontent.com/johnnydemarch/grape5-pack-shots/master/imagens/902.jpg
1467,nutrata,W100 Havanna P Nutrata 900g,Único,https://raw.githubusercontent.com/johnnydemarch/grape5-pack-shots/master/imagens/1467.jpg
1468,nutrata,W100 P Nutrata 900g,Morango,https://raw.githubusercontent.com/johnnydemarch/grape5-pack-shots/master/imagens/1468.jpg
1469,nutrata,W100 P Nutrata 900g,Cookies,https://raw.githubusercontent.com/johnnydemarch/grape5-pack-shots/master/imagens/1469.jpg
1752,nutrata,Whey Zero Lactose Nutrata 900g,Baunilha,https://raw.githubusercontent.com/johnnydemarch/grape5-pack-shots/master/imagens/1752.jpg
1753,nutrata,Whey Zero Lactose Nutrata 900g,Morango,https://raw.githubusercontent.com/johnnydemarch/grape5-pack-shots/master/imagens/1753.jpg
1754,nutrata,Whey Zero Lactose Nutrata 900g,Chocolate,https://raw.githubusercontent.com/johnnydemarch/grape5-pack-shots/master/imagens/1754.jpg
1915,nutrata,W100 Creme De Nutrata 900g,Coco,https://raw.githubusercontent.com/johnnydemarch/grape5-pack-shots/master/imagens/1915.jpg
460,nutrata,Whey W100 Havanna Nutrata 30g Sachê,Doce De Leite,https://raw.githubusercontent.com/johnnydemarch/grape5-pack-shots/master/imagens/460.jpg
463,nutrata,Whey W100 Nutrata 30g Sachê,Baunilha,https://raw.githubusercontent.com/johnnydemarch/grape5-pack-shots/master/imagens/463.jpg
465,nutrata,Whey W100 Nutrata 30g Sachê,Morango,https://raw.githubusercontent.com/johnnydemarch/grape5-pack-shots/master/imagens/465.jpg
467,nutrata,Whey W100 Nutrata 30g Sachê,Chocolate,https://raw.githubusercontent.com/johnnydemarch/grape5-pack-shots/master/imagens/467.jpg
470,nutrata,Whey W100 Nutrata 30g Sachê,Cookies,https://raw.githubusercontent.com/johnnydemarch/grape5-pack-shots/master/imagens/470.jpg
498,nutrata,Proteina Iso Whey Nutrata 900g,Chocolate,https://raw.githubusercontent.com/johnnydemarch/grape5-pack-shots/master/imagens/498.jpg
499,nutrata,Proteina Iso Whey Nutrata 900g,Baunilha,https://raw.githubusercontent.com/johnnydemarch/grape5-pack-shots/master/imagens/499.jpg
500,nutrata,W100 Nutrata 900g,Baunilha,https://raw.githubusercontent.com/johnnydemarch/grape5-pack-shots/master/imagens/500.jpg
501,nutrata,W100 Nutrata 900g,Cookies,https://raw.githubusercontent.com/johnnydemarch/grape5-pack-shots/master/imagens/501.jpg
503,nutrata,W100 Nutrata 900g,Chocolate,https://raw.githubusercontent.com/johnnydemarch/grape5-pack-shots/master/imagens/503.jpg
504,nutrata,W100 Nutrata 900g,Morango,https://raw.githubusercontent.com/johnnydemarch/grape5-pack-shots/master/imagens/504.jpg
558,nutrata,W100 Havanna Nutrata 900g,Doce De Leite,https://raw.githubusercontent.com/johnnydemarch/grape5-pack-shots/master/imagens/558.jpg
1770,probiotica,Whey 100% Probiotica 900g,Cookies,https://raw.githubusercontent.com/johnnydemarch/grape5-pack-shots/master/imagens/1770.jpg
2127,probiotica,Whey 100% Probiotica 900g,Baunilha,https://raw.githubusercontent.com/johnnydemarch/grape5-pack-shots/master/imagens/2127.jpg
2128,probiotica,Whey 100% Iogurte C Probiotica 900g,Coco,https://raw.githubusercontent.com/johnnydemarch/grape5-pack-shots/master/imagens/2128.jpg
2129,probiotica,Whey 100% Leite Probiotica 900g,Único,https://raw.githubusercontent.com/johnnydemarch/grape5-pack-shots/master/imagens/2129.jpg
2130,probiotica,Whey 100% Caramelo Salgado Probiotica 900g,Único,https://raw.githubusercontent.com/johnnydemarch/grape5-pack-shots/master/imagens/2130.jpg
2131,probiotica,Whey 100% Probiotica 900g,Choc Branco,https://raw.githubusercontent.com/johnnydemarch/grape5-pack-shots/master/imagens/2131.jpg
2132,probiotica,Whey 100% Probiotica 900g,Cappuccino,https://raw.githubusercontent.com/johnnydemarch/grape5-pack-shots/master/imagens/2132.jpg
2133,probiotica,Whey 100% Iogurte C/ Limao Probiotica 900g,Único,https://raw.githubusercontent.com/johnnydemarch/grape5-pack-shots/master/imagens/2133.jpg
2134,probiotica,Whey 100% Choc C Probiotica 900g,Avela,https://raw.githubusercontent.com/johnnydemarch/grape5-pack-shots/master/imagens/2134.jpg
2135,probiotica,Whey 100% Probiotica 900g,Morango,https://raw.githubusercontent.com/johnnydemarch/grape5-pack-shots/master/imagens/2135.jpg
2136,probiotica,Whey 100% Probiotica 900g,Chocolate,https://raw.githubusercontent.com/johnnydemarch/grape5-pack-shots/master/imagens/2136.jpg
110,true_source,Whey Creme Brulee True Source 837g,Vanilla,https://raw.githubusercontent.com/johnnydemarch/grape5-pack-shots/master/imagens/110.jpg
111,true_source,True Whey Dark True Source 837g,Chocolate,https://raw.githubusercontent.com/johnnydemarch/grape5-pack-shots/master/imagens/111.jpg
112,true_source,True Whey Macadamia Ice Cream True Source 837g,Único,https://raw.githubusercontent.com/johnnydemarch/grape5-pack-shots/master/imagens/112.jpg
113,true_source,Whey Nut Ice Cream True Source 837g,Coco,https://raw.githubusercontent.com/johnnydemarch/grape5-pack-shots/master/imagens/113.jpg
114,true_source,True Whey C/ Avela True Source 837g,Chocolate,https://raw.githubusercontent.com/johnnydemarch/grape5-pack-shots/master/imagens/114.jpg
115,true_source,Whey Fior Di Latte True Source 837g,Único,https://raw.githubusercontent.com/johnnydemarch/grape5-pack-shots/master/imagens/115.jpg
116,true_source,True Beef Protein True Source 837g,Chocolate,https://raw.githubusercontent.com/johnnydemarch/grape5-pack-shots/master/imagens/116.jpg
122,true_source,True Whey Pistachio Ice Cream True Source 418g,Único,https://raw.githubusercontent.com/johnnydemarch/grape5-pack-shots/master/imagens/122.jpg
123,true_source,True Whey Mousse De True Source 418g,Maracuja,https://raw.githubusercontent.com/johnnydemarch/grape5-pack-shots/master/imagens/123.jpg
124,true_source,True Vegan True Source 418g,Doce De Leite,https://raw.githubusercontent.com/johnnydemarch/grape5-pack-shots/master/imagens/124.jpg
125,true_source,True Vegan C/ Coco True Source 418g,Choc Branco,https://raw.githubusercontent.com/johnnydemarch/grape5-pack-shots/master/imagens/125.jpg
126,true_source,True Vegan Choc C True Source 418g,Avela,https://raw.githubusercontent.com/johnnydemarch/grape5-pack-shots/master/imagens/126.jpg
127,true_source,True Beef Protein True Source 418g,Chocolate,https://raw.githubusercontent.com/johnnydemarch/grape5-pack-shots/master/imagens/127.jpg
135,true_source,True Vegan Choc C True Source 34g Sachê,Avela,https://raw.githubusercontent.com/johnnydemarch/grape5-pack-shots/master/imagens/135.jpg
136,true_source,True Whey Pistachio Ice Cream True Source 32g Sachê,Único,https://raw.githubusercontent.com/johnnydemarch/grape5-pack-shots/master/imagens/136.jpg
137,true_source,Whey Fior Di Latte Und True Source 32g Sachê,Único,https://raw.githubusercontent.com/johnnydemarch/grape5-pack-shots/master/imagens/137.jpg
138,true_source,True Whey Nut Ice Cream True Source 32g Sachê,Coco,https://raw.githubusercontent.com/johnnydemarch/grape5-pack-shots/master/imagens/138.jpg
139,true_source,True Vegan True Source 340g,Doce De Leite,https://raw.githubusercontent.com/johnnydemarch/grape5-pack-shots/master/imagens/139.jpg
1848,true_source,Whey Vegan True Source 837g,Doce De Leite,https://raw.githubusercontent.com/johnnydemarch/grape5-pack-shots/master/imagens/1848.jpg
1855,true_source,Whey Creme De Abacate Com Nibs De True Source 837g,Cacau,https://raw.githubusercontent.com/johnnydemarch/grape5-pack-shots/master/imagens/1855.jpg
1856,true_source,Protein Advanced Whey Creamy True Source 900g,Chocolate,https://raw.githubusercontent.com/johnnydemarch/grape5-pack-shots/master/imagens/1856.jpg
1858,true_source,Whey Com Avela True Source 32g Sachê,Chocolate,https://raw.githubusercontent.com/johnnydemarch/grape5-pack-shots/master/imagens/1858.jpg
1859,true_source,Whey Creme De Abacate / Nibs De True Source 32g Sachê,Cacau,https://raw.githubusercontent.com/johnnydemarch/grape5-pack-shots/master/imagens/1859.jpg
1860,true_source,Protein Advanced Whey Yummy Milk True Source 900g,Único,https://raw.githubusercontent.com/johnnydemarch/grape5-pack-shots/master/imagens/1860.jpg
1861,true_source,Protein Advanced Whey Ice Cream True Source 900g,Vanilla,https://raw.githubusercontent.com/johnnydemarch/grape5-pack-shots/master/imagens/1861.jpg
1862,true_source,Protein Advanced Whey Red Berries True Source 900g,Único,https://raw.githubusercontent.com/johnnydemarch/grape5-pack-shots/master/imagens/1862.jpg
1313,vitafor,Isofort Plant Vitafor 450g,Baunilha,https://raw.githubusercontent.com/johnnydemarch/grape5-pack-shots/master/imagens/1313.jpg
1314,vitafor,Isofort Plant Vitafor 450g,Cacau,https://raw.githubusercontent.com/johnnydemarch/grape5-pack-shots/master/imagens/1314.jpg
1315,vitafor,Isofort Plant Com Canela Vitafor 450g,Banana,https://raw.githubusercontent.com/johnnydemarch/grape5-pack-shots/master/imagens/1315.jpg
1316,vitafor,Isofort Plant Paçoca Vitafor 450g,Único,https://raw.githubusercontent.com/johnnydemarch/grape5-pack-shots/master/imagens/1316.jpg
1337,vitafor,Whey 3W N Cream Vitafor 900g,Cookies,https://raw.githubusercontent.com/johnnydemarch/grape5-pack-shots/master/imagens/1337.jpg
1338,vitafor,Whey 3W Paçoca Vitafor 900g,Único,https://raw.githubusercontent.com/johnnydemarch/grape5-pack-shots/master/imagens/1338.jpg
1339,vitafor,Whey 3W Vitafor 900g,Chocolate,https://raw.githubusercontent.com/johnnydemarch/grape5-pack-shots/master/imagens/1339.jpg
1340,vitafor,Whey 3W Vitafor 900g,Neutro,https://raw.githubusercontent.com/johnnydemarch/grape5-pack-shots/master/imagens/1340.jpg
1341,vitafor,Whey 3W Vitafor 900g,Frutas Vermelhas,https://raw.githubusercontent.com/johnnydemarch/grape5-pack-shots/master/imagens/1341.jpg
1342,vitafor,Whey 3W Vitafor 900g,Baunilha,https://raw.githubusercontent.com/johnnydemarch/grape5-pack-shots/master/imagens/1342.jpg
1343,vitafor,Whey Iso Vitafor 900g,Frutas Vermelhas,https://raw.githubusercontent.com/johnnydemarch/grape5-pack-shots/master/imagens/1343.jpg
1344,vitafor,Whey Iso Vitafor 900g,Chocolate,https://raw.githubusercontent.com/johnnydemarch/grape5-pack-shots/master/imagens/1344.jpg
1345,vitafor,Whey Iso Vitafor 900g,Neutro,https://raw.githubusercontent.com/johnnydemarch/grape5-pack-shots/master/imagens/1345.jpg
1347,vitafor,Isofort Beauty Vitafor 25g Sachê,Abacaxi C/ Gengibre,https://raw.githubusercontent.com/johnnydemarch/grape5-pack-shots/master/imagens/1347.jpg
1348,vitafor,Isofort Beauty Vitafor 25g Sachê,Cacau,https://raw.githubusercontent.com/johnnydemarch/grape5-pack-shots/master/imagens/1348.jpg
1349,vitafor,Isofort Beauty Vitafor 25g Sachê,Cranberry,https://raw.githubusercontent.com/johnnydemarch/grape5-pack-shots/master/imagens/1349.jpg
1350,vitafor,Isofort Beauty Vitafor 25g Sachê,Baunilha,https://raw.githubusercontent.com/johnnydemarch/grape5-pack-shots/master/imagens/1350.jpg
1351,vitafor,Whey Iso Vitafor 30g Sachê,Frutas Vermelhas,https://raw.githubusercontent.com/johnnydemarch/grape5-pack-shots/master/imagens/1351.jpg
1352,vitafor,Isofort Vitafor 30g Sachê,Chocolate,https://raw.githubusercontent.com/johnnydemarch/grape5-pack-shots/master/imagens/1352.jpg
1353,vitafor,Isofort Vitafor 30g Sachê,Baunilha,https://raw.githubusercontent.com/johnnydemarch/grape5-pack-shots/master/imagens/1353.jpg
1354,vitafor,Isofort Vitafor 30g Sachê,Neutro,https://raw.githubusercontent.com/johnnydemarch/grape5-pack-shots/master/imagens/1354.jpg
1355,vitafor,Isofort Beauty Vitafor 25g Sachê,Neutro,https://raw.githubusercontent.com/johnnydemarch/grape5-pack-shots/master/imagens/1355.jpg
1703,vitafor,Whey Protein Pouch Vitafor 900g,Baunilha,https://raw.githubusercontent.com/johnnydemarch/grape5-pack-shots/master/imagens/1703.jpg
1704,vitafor,Whey Protein Pouch Vitafor 900g,Beijinho,https://raw.githubusercontent.com/johnnydemarch/grape5-pack-shots/master/imagens/1704.jpg
1705,vitafor,Whey Protein Pouch Vitafor 900g,Morango,https://raw.githubusercontent.com/johnnydemarch/grape5-pack-shots/master/imagens/1705.jpg
1706,vitafor,Whey Protein Mousse De Pouch Vitafor 900g,Maracuja,https://raw.githubusercontent.com/johnnydemarch/grape5-pack-shots/master/imagens/1706.jpg
1707,vitafor,Whey Iso Vitafor 900g,Baunilha,https://raw.githubusercontent.com/johnnydemarch/grape5-pack-shots/master/imagens/1707.jpg
7898665432853,vitafor,Isofort Beauty Vitafor 450g,Abacaxi Com Gengibre,https://raw.githubusercontent.com/johnnydemarch/grape5-pack-shots/master/imagens/7898665432853.jpg
7898665432860,vitafor,Isofort Beauty Vitafor 450g,Baunilha,https://raw.githubusercontent.com/johnnydemarch/grape5-pack-shots/master/imagens/7898665432860.jpg
7898665432877,vitafor,Isofort Beauty Vitafor 450g,Cacau,https://raw.githubusercontent.com/johnnydemarch/grape5-pack-shots/master/imagens/7898665432877.jpg
7898665432884,vitafor,Isofort Beauty Vitafor 450g,Cranberry,https://raw.githubusercontent.com/johnnydemarch/grape5-pack-shots/master/imagens/7898665432884.jpg
7898665434758,vitafor,Isofort Beauty Vitafor 450g,Neutro,https://raw.githubusercontent.com/johnnydemarch/grape5-pack-shots/master/imagens/7898665434758.jpg
