sku,produto,sabor,link_publico
1698,Beta-Alanina Integralmédica 123g,,https://raw.githubusercontent.com/johnnydemarch/grape5-pack-shots/master/imagens/1698.jpg
1701,Creatina Integralmédica 120 caps,,https://raw.githubusercontent.com/johnnydemarch/grape5-pack-shots/master/imagens/1701.jpg
458,Creatina Integralmédica 60 caps,,https://raw.githubusercontent.com/johnnydemarch/grape5-pack-shots/master/imagens/458.jpg
464,Creatina Hardcore Integralmédica 150g,,https://raw.githubusercontent.com/johnnydemarch/grape5-pack-shots/master/imagens/464.jpg
462,Creatina Hardcore Integralmédica 300g,,https://raw.githubusercontent.com/johnnydemarch/grape5-pack-shots/master/imagens/462.jpg
496,Glutamine Integralmédica 300g,,https://raw.githubusercontent.com/johnnydemarch/grape5-pack-shots/master/imagens/496.jpg
7898665435670,Colagentek Protein Vitafor 460g,Cacau,https://raw.githubusercontent.com/johnnydemarch/grape5-pack-shots/master/imagens/7898665435670.jpg
7898665434796,Colagentek Protein Vitafor 460g,Morango,https://raw.githubusercontent.com/johnnydemarch/grape5-pack-shots/master/imagens/7898665434796.jpg
7898665434802,Colagentek Protein Vitafor 460g,Neutro,https://raw.githubusercontent.com/johnnydemarch/grape5-pack-shots/master/imagens/7898665434802.jpg
7898665435687,Colagentek Protein Vitafor 460g,Tangerina,https://raw.githubusercontent.com/johnnydemarch/grape5-pack-shots/master/imagens/7898665435687.jpg
7898665433683,Boraprim Vitafor,30 cáps,https://raw.githubusercontent.com/johnnydemarch/grape5-pack-shots/master/imagens/7898665433683.jpg
3690,Boraprim Vitafor,60 cáps,https://raw.githubusercontent.com/johnnydemarch/grape5-pack-shots/master/imagens/3690.jpg
2016,Calcio Plus Vitafor,90 cáps,https://raw.githubusercontent.com/johnnydemarch/grape5-pack-shots/master/imagens/2016.jpg
7898919865390,Coenzima Q10 Vitafor,60 cáps,https://raw.githubusercontent.com/johnnydemarch/grape5-pack-shots/master/imagens/7898919865390.jpg
1336,Colagentek Tipo Ii Vitafor,30 cáps,https://raw.githubusercontent.com/johnnydemarch/grape5-pack-shots/master/imagens/1336.jpg
1312,Colagentek Tipo Ii Vitafor,60 cáps,https://raw.githubusercontent.com/johnnydemarch/grape5-pack-shots/master/imagens/1312.jpg
1320,Curcuma Plus Vitafor,60 cáps,https://raw.githubusercontent.com/johnnydemarch/grape5-pack-shots/master/imagens/1320.jpg
7898665434741,Hepatofor Vitafor,60 cáps,https://raw.githubusercontent.com/johnnydemarch/grape5-pack-shots/master/imagens/7898665434741.jpg
7898665435588,Hyaluronic Hair Vitafor,60 cáps,https://raw.githubusercontent.com/johnnydemarch/grape5-pack-shots/master/imagens/7898665435588.jpg
7898665435779,Imunomult Vitafor,60 cáps,https://raw.githubusercontent.com/johnnydemarch/grape5-pack-shots/master/imagens/7898665435779.jpg
7898665434789,Laczyme Vitafor,60 cáps,https://raw.githubusercontent.com/johnnydemarch/grape5-pack-shots/master/imagens/7898665434789.jpg
2020,Lipix Vitafor,120 cáps,https://raw.githubusercontent.com/johnnydemarch/grape5-pack-shots/master/imagens/2020.jpg
1319,Lipix 6 Vitafor,120 cáps,https://raw.githubusercontent.com/johnnydemarch/grape5-pack-shots/master/imagens/1319.jpg
7898943044938,Mega Dha Vitafor,120 cáps,https://raw.githubusercontent.com/johnnydemarch/grape5-pack-shots/master/imagens/7898943044938.jpg
7898919865192,Omega 3 Epa Dha Vitafor,60 cáps,https://raw.githubusercontent.com/johnnydemarch/grape5-pack-shots/master/imagens/7898919865192.jpg
7898665431313,Omegafor Family Vitafor,60 cáps,https://raw.githubusercontent.com/johnnydemarch/grape5-pack-shots/master/imagens/7898665431313.jpg
1321,Omegafor Memory Vitafor,60 cáps,https://raw.githubusercontent.com/johnnydemarch/grape5-pack-shots/master/imagens/1321.jpg
7898665432143,Omegafor Plus Vitafor,240 cáps,https://raw.githubusercontent.com/johnnydemarch/grape5-pack-shots/master/imagens/7898665432143.jpg
7898949730507,Omegafor Plus Vitafor,60 cáps,https://raw.githubusercontent.com/johnnydemarch/grape5-pack-shots/master/imagens/7898949730507.jpg
7898665433423,Omegafor Vegan Vitafor,60 cáps,https://raw.githubusercontent.com/johnnydemarch/grape5-pack-shots/master/imagens/7898665433423.jpg
1335,Omegafor Vision Vitafor,60 cáps,https://raw.githubusercontent.com/johnnydemarch/grape5-pack-shots/master/imagens/1335.jpg
1332,Profem Vitafor,60 cáps,https://raw.githubusercontent.com/johnnydemarch/grape5-pack-shots/master/imagens/1332.jpg
1326,Simfort Femme Vitafor,15 cáps,https://raw.githubusercontent.com/johnnydemarch/grape5-pack-shots/master/imagens/1326.jpg
1317,Simfort Femme Vitafor,30 cáps,https://raw.githubusercontent.com/johnnydemarch/grape5-pack-shots/master/imagens/1317.jpg
7898665433256,Simfort Plus Vitafor,60 cáps,https://raw.githubusercontent.com/johnnydemarch/grape5-pack-shots/master/imagens/7898665433256.jpg
1322,Simfort Ultra Vitafor,30 cáps,https://raw.githubusercontent.com/johnnydemarch/grape5-pack-shots/master/imagens/1322.jpg
1318,Simfort Ultra Vitafor,60 cáps,https://raw.githubusercontent.com/johnnydemarch/grape5-pack-shots/master/imagens/1318.jpg
1334,Sleepfor Vitafor 60 caps,60 cáps,https://raw.githubusercontent.com/johnnydemarch/grape5-pack-shots/master/imagens/1334.jpg
1346,Termo Plus Vitafor,90 cáps,https://raw.githubusercontent.com/johnnydemarch/grape5-pack-shots/master/imagens/1346.jpg
7898665431474,Vita C3 Vitafor,120 cáps,https://raw.githubusercontent.com/johnnydemarch/grape5-pack-shots/master/imagens/7898665431474.jpg
7898665430842,Vita C3 Vitafor,60 cáps,https://raw.githubusercontent.com/johnnydemarch/grape5-pack-shots/master/imagens/7898665430842.jpg
1323,Vita D3 + C + Zinco Vitafor,30 cáps,https://raw.githubusercontent.com/johnnydemarch/grape5-pack-shots/master/imagens/1323.jpg
1324,Vita D3 + C + Zinco Vitafor,60 cáps,https://raw.githubusercontent.com/johnnydemarch/grape5-pack-shots/master/imagens/1324.jpg
1333,Vita D3 Vitafor,60 cáps,https://raw.githubusercontent.com/johnnydemarch/grape5-pack-shots/master/imagens/1333.jpg
7898665433195,Sleepfor Vitafor 30 caps 470mg,,https://raw.githubusercontent.com/johnnydemarch/grape5-pack-shots/master/imagens/7898665433195.jpg
7898665431979,Colagentek Vitafor 300g,Abacaxi,https://raw.githubusercontent.com/johnnydemarch/grape5-pack-shots/master/imagens/7898665431979.jpg
7898665431054,Colagentek Vitafor 300g,Maçã Verde,https://raw.githubusercontent.com/johnnydemarch/grape5-pack-shots/master/imagens/7898665431054.jpg
7898665431924,Colagentek Vitafor 300g,Neutro,https://raw.githubusercontent.com/johnnydemarch/grape5-pack-shots/master/imagens/7898665431924.jpg
7898665433157,V Fort Ultra Vitafor 240g,Limão,https://raw.githubusercontent.com/johnnydemarch/grape5-pack-shots/master/imagens/7898665433157.jpg
7898665435373,V Fort Ultra Vitafor 240g,Uva,https://raw.githubusercontent.com/johnnydemarch/grape5-pack-shots/master/imagens/7898665435373.jpg
1368,Caixa de Creafort Vitafor 30 Sachês 3g,,https://raw.githubusercontent.com/johnnydemarch/grape5-pack-shots/master/imagens/1368.jpg
2017,Creafort Creapure Vitafor Pote 300g,,https://raw.githubusercontent.com/johnnydemarch/grape5-pack-shots/master/imagens/2017.jpg
1367,Creafort Sachê Vitafor 3g,,https://raw.githubusercontent.com/johnnydemarch/grape5-pack-shots/master/imagens/1367.jpg
7898959478154,Creatine Vitafor 300g,,https://raw.githubusercontent.com/johnnydemarch/grape5-pack-shots/master/imagens/7898959478154.jpg
1371,Glutamax Vitafor 30 Sachês 5g,,https://raw.githubusercontent.com/johnnydemarch/grape5-pack-shots/master/imagens/1371.jpg
7898919865567,Glutamax Vitafor Pote 300g,,https://raw.githubusercontent.com/johnnydemarch/grape5-pack-shots/master/imagens/7898919865567.jpg
7898665436349,V Coffee Vitafor 220g,,https://raw.githubusercontent.com/johnnydemarch/grape5-pack-shots/master/imagens/7898665436349.jpg
1356,Endurance Caffeine Gel Vitafor 30g,Chocolate Belga,https://raw.githubusercontent.com/johnnydemarch/grape5-pack-shots/master/imagens/1356.jpg
1357,Endurance Caffeine Gel Vitafor 30g,Limão,https://raw.githubusercontent.com/johnnydemarch/grape5-pack-shots/master/imagens/1357.jpg
1358,Endurance Energy Gel Vitafor 30g,Baunilha,https://raw.githubusercontent.com/johnnydemarch/grape5-pack-shots/master/imagens/1358.jpg
1359,Endurance Energy Gel Vitafor 30g,Paçoca,https://raw.githubusercontent.com/johnnydemarch/grape5-pack-shots/master/imagens/1359.jpg
1360,Endurance Energy Gel Vitafor 30g,Tangerina,https://raw.githubusercontent.com/johnnydemarch/grape5-pack-shots/master/imagens/1360.jpg
1390,Fire Black Max Titanium,60 cáps,https://raw.githubusercontent.com/johnnydemarch/grape5-pack-shots/master/imagens/1390.jpg
1394,Multimax Complex Max Titanium,90 cáps,https://raw.githubusercontent.com/johnnydemarch/grape5-pack-shots/master/imagens/1394.jpg
1717,Omega 3 Max Titanium,90 cáps,https://raw.githubusercontent.com/johnnydemarch/grape5-pack-shots/master/imagens/1717.jpg
1715,Shot Thermo Max Titanium,60 cáps,https://raw.githubusercontent.com/johnnydemarch/grape5-pack-shots/master/imagens/1715.jpg
1016,2 Hot Max Titanium 200g,Limão,https://raw.githubusercontent.com/johnnydemarch/grape5-pack-shots/master/imagens/1016.jpg
1015,2 Hot Max Titanium 200g,Tangerina,https://raw.githubusercontent.com/johnnydemarch/grape5-pack-shots/master/imagens/1015.jpg
1711,Shot Dry Max Titanium 150g,Frutas Vermelhas,https://raw.githubusercontent.com/johnnydemarch/grape5-pack-shots/master/imagens/1711.jpg
1712,Shot Dry Max Titanium 150g,Maracujá,https://raw.githubusercontent.com/johnnydemarch/grape5-pack-shots/master/imagens/1712.jpg
1464,Melatonina Max Titanium 30ml,Maracujá,https://raw.githubusercontent.com/johnnydemarch/grape5-pack-shots/master/imagens/1464.jpg
1035,Horus Max Titanium 300g,Citrus,https://raw.githubusercontent.com/johnnydemarch/grape5-pack-shots/master/imagens/1035.jpg
1038,Horus Max Titanium 300g,Frutas Vermelhas,https://raw.githubusercontent.com/johnnydemarch/grape5-pack-shots/master/imagens/1038.jpg
1033,Horus Max Titanium 300g,Maçã Verde,https://raw.githubusercontent.com/johnnydemarch/grape5-pack-shots/master/imagens/1033.jpg
1710,Pre Workout Egide Max Titanium 300g,Dino Abacaxi,https://raw.githubusercontent.com/johnnydemarch/grape5-pack-shots/master/imagens/1710.jpg
1392,Pre Workout Egide Max Titanium 300g,Frutas Silvestres,https://raw.githubusercontent.com/johnnydemarch/grape5-pack-shots/master/imagens/1392.jpg
1043,Pre Workout Night Train Max Titanium 300g,Citrus,https://raw.githubusercontent.com/johnnydemarch/grape5-pack-shots/master/imagens/1043.jpg
1042,Pre Workout Night Train Max Titanium 300g,Frutas Vermelhas,https://raw.githubusercontent.com/johnnydemarch/grape5-pack-shots/master/imagens/1042.jpg
1463,Shook Pre-Workout Max Titanium 300g,Brandão Uva,https://raw.githubusercontent.com/johnnydemarch/grape5-pack-shots/master/imagens/1463.jpg
1462,Shook Pre-Workout Max Titanium 300g,Manga e Pêssego,https://raw.githubusercontent.com/johnnydemarch/grape5-pack-shots/master/imagens/1462.jpg
1720,Beta-Alanina Max Titanium 150g,,https://raw.githubusercontent.com/johnnydemarch/grape5-pack-shots/master/imagens/1720.jpg
1028,Creatina Max Titanium 300g,,https://raw.githubusercontent.com/johnnydemarch/grape5-pack-shots/master/imagens/1028.jpg
1391,Glutamina Pro Max Titanium 300g,,https://raw.githubusercontent.com/johnnydemarch/grape5-pack-shots/master/imagens/1391.jpg
922,Horus Gel Max Titanium 30g,Energético,https://raw.githubusercontent.com/johnnydemarch/grape5-pack-shots/master/imagens/922.jpg
923,Horus Gel Max Titanium 30g,Frutas Vermelhas,https://raw.githubusercontent.com/johnnydemarch/grape5-pack-shots/master/imagens/923.jpg
723,Cafeina Dux,90 cáps,https://raw.githubusercontent.com/johnnydemarch/grape5-pack-shots/master/imagens/723.jpg
721,Curcuma Bio Dux,30 cáps,https://raw.githubusercontent.com/johnnydemarch/grape5-pack-shots/master/imagens/721.jpg
684,Fish Oil Omega 3 Dux,120 cáps,https://raw.githubusercontent.com/johnnydemarch/grape5-pack-shots/master/imagens/684.jpg
1843,Hair Gro Dux,60 cáps,https://raw.githubusercontent.com/johnnydemarch/grape5-pack-shots/master/imagens/1843.jpg
1837,Mag 3 Complex Dux,90 cáps,https://raw.githubusercontent.com/johnnydemarch/grape5-pack-shots/master/imagens/1837.jpg
720,Multi Vitamínico Dux,90 cáps,https://raw.githubusercontent.com/johnnydemarch/grape5-pack-shots/master/imagens/720.jpg
722,Nac Pro Dux,30 cáps,https://raw.githubusercontent.com/johnnydemarch/grape5-pack-shots/master/imagens/722.jpg
1842,Nac Pro Dux,60 cáps,https://raw.githubusercontent.com/johnnydemarch/grape5-pack-shots/master/imagens/1842.jpg
1841,Primula Care Dux,28 cáps,https://raw.githubusercontent.com/johnnydemarch/grape5-pack-shots/master/imagens/1841.jpg
717,Própolis Verde Dux,30 cáps,https://raw.githubusercontent.com/johnnydemarch/grape5-pack-shots/master/imagens/717.jpg
683,Supercut Dux,60 cáps,https://raw.githubusercontent.com/johnnydemarch/grape5-pack-shots/master/imagens/683.jpg
513,Collagen Dux 330g,Capim Limão,https://raw.githubusercontent.com/johnnydemarch/grape5-pack-shots/master/imagens/513.jpg
518,Collagen Dux 330g,Maçã,https://raw.githubusercontent.com/johnnydemarch/grape5-pack-shots/master/imagens/518.jpg
511,Collagen Dux 330g,Tangerina,https://raw.githubusercontent.com/johnnydemarch/grape5-pack-shots/master/imagens/511.jpg
532,Collagen Dux 330g,Cranberry,https://raw.githubusercontent.com/johnnydemarch/grape5-pack-shots/master/imagens/532.jpg
514,Multi Collagen Dux 475g,Abacaxi com Hortelã,https://raw.githubusercontent.com/johnnydemarch/grape5-pack-shots/master/imagens/514.jpg
510,Multi Collagen Dux 475g,Frutas Vermelhas,https://raw.githubusercontent.com/johnnydemarch/grape5-pack-shots/master/imagens/510.jpg
719,Collagen II Dux 30 caps,,https://raw.githubusercontent.com/johnnydemarch/grape5-pack-shots/master/imagens/719.jpg
517,Energy Kick Dux 1000g,Abacaxi,https://raw.githubusercontent.com/johnnydemarch/grape5-pack-shots/master/imagens/517.jpg
578,Energy Kick Dux 1000g,Caffeine Abacaxi,https://raw.githubusercontent.com/johnnydemarch/grape5-pack-shots/master/imagens/578.jpg
549,Energy Kick Dux 1000g,Caffeine Laranja,https://raw.githubusercontent.com/johnnydemarch/grape5-pack-shots/master/imagens/549.jpg
547,Energy Kick Dux 1000g,Laranja,https://raw.githubusercontent.com/johnnydemarch/grape5-pack-shots/master/imagens/547.jpg
530,Energy Kick Dux 1000g,Limão,https://raw.githubusercontent.com/johnnydemarch/grape5-pack-shots/master/imagens/530.jpg
537,Intra Workout Dux 700g,Água de Coco,https://raw.githubusercontent.com/johnnydemarch/grape5-pack-shots/master/imagens/537.jpg
521,Pre Workout Original Dux 300g,Maçã Verde,https://raw.githubusercontent.com/johnnydemarch/grape5-pack-shots/master/imagens/521.jpg
524,Pre Workout Original Dux 300g,Mango Twist,https://raw.githubusercontent.com/johnnydemarch/grape5-pack-shots/master/imagens/524.jpg
519,Pre Workout Dux 300g,Frutas Vermelhas,https://raw.githubusercontent.com/johnnydemarch/grape5-pack-shots/master/imagens/519.jpg
525,Pre Workout Dux 300g,Pink Lemonade,https://raw.githubusercontent.com/johnnydemarch/grape5-pack-shots/master/imagens/525.jpg
523,Pre Workout Stim Free Dux 300g,Frutas Vermelhas,https://raw.githubusercontent.com/johnnydemarch/grape5-pack-shots/master/imagens/523.jpg
520,Pre Workout Stim Free Dux 300g,Maçã Verde,https://raw.githubusercontent.com/johnnydemarch/grape5-pack-shots/master/imagens/520.jpg
527,Creatina Creapure Dux Pote 300g,,https://raw.githubusercontent.com/johnnydemarch/grape5-pack-shots/master/imagens/527.jpg
542,Creatina Monohidratada Dux 300g,,https://raw.githubusercontent.com/johnnydemarch/grape5-pack-shots/master/imagens/542.jpg
529,Glutamina Dux 300g,,https://raw.githubusercontent.com/johnnydemarch/grape5-pack-shots/master/imagens/529.jpg
251,Collagen Essential Protein,Neutro 457g,https://raw.githubusercontent.com/johnnydemarch/grape5-pack-shots/master/imagens/251.jpg
253,Collagen Essential Protein,Baunilha 417g,https://raw.githubusercontent.com/johnnydemarch/grape5-pack-shots/master/imagens/253.jpg
255,Collagen Essential Protein,Chocolate 510g,https://raw.githubusercontent.com/johnnydemarch/grape5-pack-shots/master/imagens/255.jpg
257,Collagen Essential Protein,Frutas Tropicais 427g,https://raw.githubusercontent.com/johnnydemarch/grape5-pack-shots/master/imagens/257.jpg
285,Collagen Pept Protein Essential Nutrition 250ml,,https://raw.githubusercontent.com/johnnydemarch/grape5-pack-shots/master/imagens/285.jpg
280,B Complex Essential,120 cáps,https://raw.githubusercontent.com/johnnydemarch/grape5-pack-shots/master/imagens/280.jpg
282,Focus Theanine Essential,60 cáps,https://raw.githubusercontent.com/johnnydemarch/grape5-pack-shots/master/imagens/282.jpg
1652,Happy Theanine Essential,60 cáps,https://raw.githubusercontent.com/johnnydemarch/grape5-pack-shots/master/imagens/1652.jpg
1651,Krill Oil Essential,60 cáps,https://raw.githubusercontent.com/johnnydemarch/grape5-pack-shots/master/imagens/1651.jpg
272,Melatonin Duo Harmony Essential,120 cáps,https://raw.githubusercontent.com/johnnydemarch/grape5-pack-shots/master/imagens/272.jpg
281,Mg Complex Essential,90 cáps,https://raw.githubusercontent.com/johnnydemarch/grape5-pack-shots/master/imagens/281.jpg
284,Nac + Glycine + Taurine Essential,90 cáps,https://raw.githubusercontent.com/johnnydemarch/grape5-pack-shots/master/imagens/284.jpg
278,Omega 3 Tg Essential,90 cáps,https://raw.githubusercontent.com/johnnydemarch/grape5-pack-shots/master/imagens/278.jpg
279,Omega Core Essential,60 cáps,https://raw.githubusercontent.com/johnnydemarch/grape5-pack-shots/master/imagens/279.jpg
269,Omega Joint Essential,60 cáps,https://raw.githubusercontent.com/johnnydemarch/grape5-pack-shots/master/imagens/269.jpg
270,Omega Vision Essential,60 cáps,https://raw.githubusercontent.com/johnnydemarch/grape5-pack-shots/master/imagens/270.jpg
1649,Probio 20Bi Essential,30 cáps,https://raw.githubusercontent.com/johnnydemarch/grape5-pack-shots/master/imagens/1649.jpg
277,Super Omega 3 Tg Essential,180 cáps,https://raw.githubusercontent.com/johnnydemarch/grape5-pack-shots/master/imagens/277.jpg
283,Vitalift Essential,90 cáps,https://raw.githubusercontent.com/johnnydemarch/grape5-pack-shots/master/imagens/283.jpg
209,Collagen Gut Essential Nutrition,Laranja e Blueberry 400g,https://raw.githubusercontent.com/johnnydemarch/grape5-pack-shots/master/imagens/209.jpg
210,Collagen Gut Essential Nutrition,Mix de Frutas 460g,https://raw.githubusercontent.com/johnnydemarch/grape5-pack-shots/master/imagens/210.jpg
208,Collagen Gut Essential Nutrition,Uva 440g,https://raw.githubusercontent.com/johnnydemarch/grape5-pack-shots/master/imagens/208.jpg
259,Collagen Joint Essential Nutrition,Limão 351g,https://raw.githubusercontent.com/johnnydemarch/grape5-pack-shots/master/imagens/259.jpg
258,Collagen Joint Essential Nutrition,Neutro 300g,https://raw.githubusercontent.com/johnnydemarch/grape5-pack-shots/master/imagens/258.jpg
214,Collagen Skin Essential Nutrition 330g,Cranberry,https://raw.githubusercontent.com/johnnydemarch/grape5-pack-shots/master/imagens/214.jpg
213,Collagen Skin Essential Nutrition 330g,Limão Siciliano,https://raw.githubusercontent.com/johnnydemarch/grape5-pack-shots/master/imagens/213.jpg
211,Collagen Skin Essential Nutrition 330g,Neutro,https://raw.githubusercontent.com/johnnydemarch/grape5-pack-shots/master/imagens/211.jpg
228,Beta Action Essential Nutrition 630g,Jabuticaba com Romã,https://raw.githubusercontent.com/johnnydemarch/grape5-pack-shots/master/imagens/228.jpg
230,Beta Action Essential Nutrition 630g,Melancia com Limão,https://raw.githubusercontent.com/johnnydemarch/grape5-pack-shots/master/imagens/230.jpg
249,Muscle Synergy Essential Nutrition,Jabuticaba com Limão 427g,https://raw.githubusercontent.com/johnnydemarch/grape5-pack-shots/master/imagens/249.jpg
1657,Aminolift Essential Nutrition 375g,Tangerina,https://raw.githubusercontent.com/johnnydemarch/grape5-pack-shots/master/imagens/1657.jpg
1653,Brainstorm Coffee Essential Nutrition,Caramelo Latte 274g,https://raw.githubusercontent.com/johnnydemarch/grape5-pack-shots/master/imagens/1653.jpg
271,Omega Brain Essential Nutrition 60 caps,,https://raw.githubusercontent.com/johnnydemarch/grape5-pack-shots/master/imagens/271.jpg
